objectid,title,format,filename
mac3d1,Yarn  White,image/jpg,yarn_white.jpg
mac3d2,Yarn Colors,image/jpg,yarn_assorted_colors.jpg
mac3d3,Pom Poms Assorted Sizes and Colors,image/jpg,pompoms_assorted_sizes_colors.jpg
mac3d4,Pom Poms Small Black,image/jpg,pompoms_small_black.jpg
mac3d5,Pom Poms Small Assorted Colors,image/jpg,pompoms_small_assorted_colors.jpg
mac3d6,Cotton Balls,image/jpg,cotton_balls.jpg
mac3d7,Coffee Filters,image/jpg,coffee_filters.jpg
mac3d8,Paper Cones,image/jpg,paper_cones.jpg
mac3d9,Canvas Panel 4in Square,image/jpg,Canvas Panel 4in Square.jpg
mac3d10,Canvas Panel 5inx7in Rectangle,image/jpg,Canvas Panel 5x7 Rectangle.jpg
mac3d11,Glass Pebbles 1in,image/jpg,glass_pebbles_1in.jpg
mac3d12,Glass Pebbles 2in,image/jpg,glass_pebbles_2in.jpg
mac3d13,Beads Natural Wooden,image/jpg,beads_natural_wooden.jpg
mac3d14,Beads Opaque Green Pony Beads,image/jpg,beads_opaque_green_pony.jpg
mac3d15,Beads Opaque White Pony Beads,image/jpg,beads_opaque_white_pony.jpg
mac3d16,Beads Opaque Black Pony Beads,image/jpg,beads_opaque_black_pony.jpg
mac3d17,Beads Opaque Yellow Pony Beads,image/jpg,beads_opaque_yellow_pony.jpg
mac3d18,Beads Opaque Red Pony Beads,image/jpg,beads_opaque_red_pony.jpg
mac3d19,Beads Opaque Orange Pony Beads,image/jpg,beads_opaque_orange_pony.jpg
mac3d20,Beads- Fancy Assorted Pony Beads,image/jpg,beads_fancy_assorted_pony.jpg